study,series,n_files,modality,sop_class,image_type,is_original_primary,is_localizer,orientation,series_description,study_description,body_part,manufacturer,model,slice_thickness,rows,cols,kernel,contrast_agent,scanning_sequence,sequence_variant,mr_acq_type,tr,te,window_center,window_width
S01,S01-01,151,CT,CT Image,ORIGINAL\PRIMARY\AXIAL\CT_SOM5 MPR,True,False,axial,Pre 3.00 Br40 A2 ax,07_Hemorrhage_CT(Adult),ABDOMEN,Siemens Healthineers,SOMATOM X.cite,3,512,606,Br40d\2,,,,,,,50,410
S01,S01-02,143,CT,CT Image,ORIGINAL\PRIMARY\AXIAL\CT_SOM5 MPR,True,False,axial,Artery 3.00 Br40 A2 ax,07_Hemorrhage_CT(Adult),ABDOMEN,Siemens Healthineers,SOMATOM X.cite,3,512,606,Br40d\2,UNDEFINED,,,,,,40,390
S01,S01-03,147,CT,CT Image,ORIGINAL\PRIMARY\AXIAL\CT_SOM5 MPR,True,False,axial,Portal 3.00 Br40 A2 ax,07_Hemorrhage_CT(Adult),ABDOMEN,Siemens Healthineers,SOMATOM X.cite,3,512,606,Br40d\2,UNDEFINED,,,,,,30,360
S01,S01-04,98,CT,CT Image,ORIGINAL\PRIMARY\AXIAL\CT_SOM5 MPR,True,False,sagittal,Portal 3.00 Br40 A2 sag,07_Hemorrhage_CT(Adult),ABDOMEN,Siemens Healthineers,SOMATOM X.cite,3,849,512,Br40d\2,UNDEFINED,,,,,,30,360
S01,S01-05,67,CT,CT Image,ORIGINAL\PRIMARY\AXIAL\CT_SOM5 MPR,True,False,coronal,Portal 3.00 Br40 A2 cor,07_Hemorrhage_CT(Adult),ABDOMEN,Siemens Healthineers,SOMATOM X.cite,3,717,512,Br40d\2,UNDEFINED,,,,,,30,360
S01,S01-06,1,CT,Secondary Capture,ORIGINAL\PRIMARY\OTHER\CT_SOM PROT,True,False,unknown,Patient Protocol,07_Hemorrhage_CT(Adult),,Siemens Healthineers,SOMATOM X.cite,,512,512,,,,,,,,200,50
S01,S01-07,1,CT,CT Image,DERIVED\SECONDARY\LOCALIZER\CT_SOM5 TOP,False,True,coronal,Exported CT View&GO,07_Hemorrhage_CT(Adult),,Siemens Healthineers,SOMATOM X.cite,0,512,512,,,,,,,,50,350
S02,S02-01,124,CT,CT Image,ORIGINAL\PRIMARY\AXIAL\CT_SOM5 MPR,True,False,axial,Chest_Abd_Pre 3.00 Br40 A2 ax Lung,CHEST,CHEST,Siemens Healthineers,SOMATOM X.cite,3,512,559,Br40d\2,,,,,,,40,435
S02,S02-02,124,CT,CT Image,ORIGINAL\PRIMARY\AXIAL\CT_SOM5 MPR,True,False,axial,Chest Portion 3.00 Br40 ax,CHEST,CHEST,Siemens Healthineers,SOMATOM X.cite,3,512,559,Br40f,UNDEFINED,,,,,,25,400
S02,S02-03,96,CT,CT Image,ORIGINAL\PRIMARY\AXIAL\CT_SOM5 MPR,True,False,axial,Chest Portion 3.00 Br60 A1 ax Lung,CHEST,CHEST,Siemens Healthineers,SOMATOM X.cite,3,512,606,Br60f\1,UNDEFINED,,,,,,-700,1700
S02,S02-04,72,CT,CT Image,ORIGINAL\PRIMARY\AXIAL\CT_SOM5 MPR,True,False,coronal,Chest Portion 3.00 Br40 cor Lung,CHEST,CHEST,Siemens Healthineers,SOMATOM X.cite,3,550,512,Br40f,UNDEFINED,,,,,,25,400
S02,S02-05,1,CT,Secondary Capture,ORIGINAL\PRIMARY\OTHER\CT_SOM PROT,True,False,unknown,Patient Protocol,CHEST,,Siemens Healthineers,SOMATOM X.cite,,512,512,,,,,,,,200,50
S02,S02-06,1,CT,CT Image,DERIVED\SECONDARY\LOCALIZER\CT_SOM5 TOP,False,True,coronal,Exported CT View&GO,CHEST,,Siemens Healthineers,SOMATOM X.cite,0,512,517,,,,,,,,50,350
S03,S03-01,1,CT,CT Image,DERIVED\SECONDARY\LOCALIZER\CT_SOM5 TOP\CSA RESAMPLED,False,True,coronal,Topogram  0.6  T20f,Abdomen^101_Abd_Pelvis_CT_PVP (Adult),ABDOMEN,SIEMENS,SOMATOM Definition Flash,,512,512,T20f,,,,,,,50\300,350\2000
S03,S03-02,146,CT,CT Image,ORIGINAL\PRIMARY\AXIAL\CT_SOM5 SPI,True,False,axial,Pre  3.0  B30f   ax,Abdomen^101_Abd_Pelvis_CT_PVP (Adult),ABDOMEN,SIEMENS,SOMATOM Definition Flash,3,512,512,B30f,,,,,,,40\0,385\2
S03,S03-03,146,CT,CT Image,ORIGINAL\PRIMARY\AXIAL\CT_SOM5 SPI,True,False,axial,Post  3.0  I40f   ax,Abdomen^101_Abd_Pelvis_CT_PVP (Adult),ABDOMEN,SIEMENS,SOMATOM Definition Flash,3,512,512,I40f\1,APPLIED,,,,,,30\0,360\2
S03,S03-04,96,CT,CT Image,DERIVED\PRIMARY\AXIAL\CT_SOM5 MPR,False,False,sagittal,Post  3.0  MPR  sag,Abdomen^101_Abd_Pelvis_CT_PVP (Adult),ABDOMEN,SIEMENS,SOMATOM Definition Flash,3,825,512,I40f\1,APPLIED,,,,,,30\0,360\2
S03,S03-05,78,CT,CT Image,DERIVED\PRIMARY\AXIAL\CT_SOM5 MPR,False,False,coronal,Post  3.0  MPR  cor,Abdomen^101_Abd_Pelvis_CT_PVP (Adult),ABDOMEN,SIEMENS,SOMATOM Definition Flash,3,549,512,I40f\1,APPLIED,,,,,,30\0,360\2
S03,S03-06,1,CT,Secondary Capture,DERIVED\SECONDARY\OTHER\CT_SOM5 PROT,False,False,unknown,Patient Protocol,Abdomen^101_Abd_Pelvis_CT_PVP (Adult),,SIEMENS,SOMATOM Definition Flash,,512,512,,,,,,,,200,50
S04,S04-01,156,CT,CT Image,ORIGINAL\PRIMARY\AXIAL\CT_SOM5 MPR,True,False,axial,Pre 3.00 Br40 A2 ax,03_Liver_CT(Adult),ABDOMEN,Siemens Healthineers,SOMATOM X.cite,3,512,658,Br40d\2,,,,,,,50,410
S04,S04-02,74,CT,CT Image,ORIGINAL\PRIMARY\AXIAL\CT_SOM5 MPR,True,False,axial,Artery 3.00 Br40 A2 ax,03_Liver_CT(Adult),ABDOMEN,Siemens Healthineers,SOMATOM X.cite,3,512,658,Br40d\2,UNDEFINED,,,,,,40,390
S04,S04-03,154,CT,CT Image,ORIGINAL\PRIMARY\AXIAL\CT_SOM5 MPR,True,False,axial,Portal 3.00 Br40 A2 ax,03_Liver_CT(Adult),ABDOMEN,Siemens Healthineers,SOMATOM X.cite,3,512,658,Br40d\2,UNDEFINED,,,,,,30,360
S04,S04-04,106,CT,CT Image,ORIGINAL\PRIMARY\AXIAL\CT_SOM5 MPR,True,False,sagittal,Portal 3.00 Br40 A2 sag,03_Liver_CT(Adult),ABDOMEN,Siemens Healthineers,SOMATOM X.cite,3,934,512,Br40d\2,UNDEFINED,,,,,,30,360
S04,S04-05,80,CT,CT Image,ORIGINAL\PRIMARY\AXIAL\CT_SOM5 MPR,True,False,coronal,Portal 3.00 Br40 A2 cor,03_Liver_CT(Adult),ABDOMEN,Siemens Healthineers,SOMATOM X.cite,3,727,512,Br40d\2,UNDEFINED,,,,,,30,360
S04,S04-06,76,CT,CT Image,ORIGINAL\PRIMARY\AXIAL\CT_SOM5 MPR,True,False,axial,Delay 3.00 Br40 A2 ax,03_Liver_CT(Adult),ABDOMEN,Siemens Healthineers,SOMATOM X.cite,3,512,658,Br40d\2,UNDEFINED,,,,,,40,390
S04,S04-07,1,CT,Secondary Capture,ORIGINAL\PRIMARY\OTHER\CT_SOM PROT,True,False,unknown,Patient Protocol,03_Liver_CT(Adult),,Siemens Healthineers,SOMATOM X.cite,,512,512,,,,,,,,200,50
S04,S04-08,1,CT,CT Image,DERIVED\SECONDARY\LOCALIZER\CT_SOM5 TOP,False,True,coronal,Exported CT View&GO,03_Liver_CT(Adult),,Siemens Healthineers,SOMATOM X.cite,0,512,512,,,,,,,,50,350
S05,S05-01,11,MR,MR Image,ORIGINAL\PRIMARY\M_FFE\M\FFE,True,False,coronal,SURVEY,MRI(Liver & GB dynam,LIVER,Philips,Ingenia Elition X,15,256,256,,,GR,MP,2D,8,2.301,671,1167
S05,S05-02,60,MR,MR Image,DERIVED\PRIMARY\FF\FF\DERIVED,False,False,axial,mDIXON Quant BH,MRI(Liver & GB dynam,LIVER,Philips,Ingenia Elition X,6,192,192,,,RM,SP,3D,5.59670019149780,0,50,100
S05,S05-03,100,MR,MR Image,DERIVED\PRIMARY\IP\IP\DERIVED,False,False,axial,smDIXON IP,MRI(Liver & GB dynam,LIVER,Philips,Ingenia Elition X,4,576,576,,,RM,SP,3D,4.23839998245239,2.372,2047.5,4095
S05,S05-04,100,MR,MR Image,DERIVED\PRIMARY\OP\OP\DERIVED,False,False,axial,smDIXON OP,MRI(Liver & GB dynam,LIVER,Philips,Ingenia Elition X,4,576,576,,,RM,SP,3D,4.23839998245239,1.186,2047.5,4095
S05,S05-05,100,MR,MR Image,DERIVED\PRIMARY\W\W\DERIVED,False,False,axial,PRE mDIXON,MRI(Liver & GB dynam,LIVER,Philips,Ingenia Elition X,4,432,432,,,RM,SP,3D,4.52120018005371,0,1063,2125
S05,S05-06,100,MR,MR Image,DERIVED\PRIMARY\W\W\DERIVED,False,False,axial,AP mDIXON,MRI(Liver & GB dynam,LIVER,Philips,Ingenia Elition X,4,432,432,,,RM,SP,3D,4.52120018005371,0,1188,2376
S05,S05-07,100,MR,MR Image,DERIVED\PRIMARY\W\W\DERIVED,False,False,axial,sAP - PRE,MRI(Liver & GB dynam,LIVER,Philips,Ingenia Elition X,4,432,432,,,RM,SP,3D,4.52120018005371,0,2047.5,4095
S05,S05-08,100,MR,MR Image,DERIVED\PRIMARY\W\W\DERIVED,False,False,axial,PP mDIXON,MRI(Liver & GB dynam,LIVER,Philips,Ingenia Elition X,4,432,432,,,RM,SP,3D,4.52120018005371,0,1868,3737
S05,S05-09,100,MR,MR Image,DERIVED\PRIMARY\W\W\DERIVED,False,False,axial,VP mDIXON,MRI(Liver & GB dynam,LIVER,Philips,Ingenia Elition X,4,432,432,,,RM,SP,3D,4.52120018005371,0,1856,3713
S05,S05-10,33,MR,MR Image,ORIGINAL\PRIMARY\M_SE\M\SE,True,False,axial,HT2 SSH AX BH,MRI(Liver & GB dynam,LIVER,Philips,Ingenia Elition X,6,480,480,,,SE,SK,2D,469.049987792968,140,1060,1842
S05,S05-11,33,MR,MR Image,ORIGINAL\PRIMARY\M_SE\M\SE,True,False,axial,T2 FS MVXD AX SPIR,MRI(Liver & GB dynam,LIVER,Philips,Ingenia Elition X,6,400,400,,,SE,SK,2D,2500.00024414062,72.721,455,791
S05,S05-12,33,MR,MR Image,ORIGINAL\PRIMARY\M_SE\M\SE,True,False,axial,sDWI b0,MRI(Liver & GB dynam,LIVER,Philips,Ingenia Elition X,6,288,288,,,SE,SK,2D,2700.6455078125,64.733,2047.5,4095
S05,S05-13,33,MR,MR Image,ORIGINAL\PRIMARY\M_SE\M\SE,True,False,axial,sDWI b50,MRI(Liver & GB dynam,LIVER,Philips,Ingenia Elition X,6,288,288,,,SE,SK,2D,2700.6455078125,64.733,2047.5,4095
S05,S05-14,33,MR,MR Image,ORIGINAL\PRIMARY\M_SE\M\SE,True,False,axial,sDWI b800,MRI(Liver & GB dynam,LIVER,Philips,Ingenia Elition X,6,288,288,,,SE,SK,2D,2700.6455078125,64.733,2047.5,4095
S05,S05-15,33,MR,MR Image,ORIGINAL\PRIMARY\ADC_UNSPECIFIED\ADC\UNSPECIFIED,True,False,axial,dADC,MRI(Liver & GB dynam,LIVER,Philips,Ingenia Elition X,6,288,288,,,RM,SK,2D,2700.6455078125,64.733,910,2260
S05,S05-16,100,MR,MR Image,DERIVED\PRIMARY\W\W\DERIVED,False,False,axial,20min mDIXON FA20,MRI(Liver & GB dynam,LIVER,Philips,Ingenia Elition X,4,448,448,,,RM,SP,3D,4.95559978485107,0,2171,4342
S05,S05-17,64,MR,MR Image,DERIVED\PRIMARY\W\W\DERIVED,False,False,coronal,COR mDIXON,MRI(Liver & GB dynam,LIVER,Philips,Ingenia Elition X,2.5,560,560,,,RM,SP,3D,3.96919989585876,0,574,1149
S06,S06-01,12,MR,MR Image,ORIGINAL\PRIMARY\M\DIS2D,True,False,sagittal,localizer,MRI(Liver & GB dynam,ABDOMEN,SIEMENS,Skyra,6,512,512,,,GR,SP\OSP,2D,7.8,3.69,90,354
S06,S06-02,72,MR,MR Image,ORIGINAL\PRIMARY\M\NORM\DIS2D\SH\FIL,True,False,axial,t1_tra_3D_dynamic_Pre,MRI(Liver & GB dynam,ABDOMEN,SIEMENS,Skyra,3,324,384,,,GR,SP\OSP,3D,3.45,1.36,166,400
S06,S06-03,72,MR,MR Image,ORIGINAL\PRIMARY\M\NORM\DIS2D\SH\FIL,True,False,axial,t1_tra_3D_dynamic_artery,MRI(Liver & GB dynam,ABDOMEN,SIEMENS,Skyra,3,324,384,,with contrast,GR,SP\OSP,3D,3.45,1.36,216,503
S06,S06-04,72,MR,MR Image,ORIGINAL\PRIMARY\M\NORM\DIS2D\SH\FIL\SUB,True,False,axial,t1_tra_3D_dynamic_artery_SUB,MRI(Liver & GB dynam,ABDOMEN,SIEMENS,Skyra,3,324,384,,with contrast,GR,SP\OSP,3D,3.45,1.36,109,451
S06,S06-05,72,MR,MR Image,ORIGINAL\PRIMARY\M\NORM\DIS2D\SH\FIL,True,False,axial,t1_tra_3D_dynamic_portal,MRI(Liver & GB dynam,ABDOMEN,SIEMENS,Skyra,3,324,384,,with contrast,GR,SP\OSP,3D,3.45,1.36,214,496
S06,S06-06,72,MR,MR Image,ORIGINAL\PRIMARY\M\NORM\DIS2D\SH\FIL,True,False,axial,t1_tra_3D_dynamic_venous,MRI(Liver & GB dynam,ABDOMEN,SIEMENS,Skyra,3,324,384,,with contrast,GR,SP\OSP,3D,3.45,1.36,211,489
S06,S06-07,35,MR,MR Image,DERIVED\PRIMARY\DIFFUSION\ADC\NORM\DIS2D\DFC,False,False,axial,ep2d_diff_b0_50_800_ADC_DFC_MIX,MRI(Liver & GB dynam,ABDOMEN,SIEMENS,Skyra,6,232,264,,with contrast,EP,SK\SP,2D,6100,53,1105,2547
S06,S06-08,35,MR,MR Image,ORIGINAL\PRIMARY\M\NORM\DIS2D\SH\FIL,True,False,axial,t2_tra_haste_mbh,MRI(Liver & GB dynam,ABDOMEN,SIEMENS,Skyra,6,540,640,,with contrast,SE,SK\SP\OSP,2D,1000,94,620,1316
S06,S06-09,35,MR,MR Image,ORIGINAL\PRIMARY\M\NORM\DIS2D\SH1_1\FIL,True,False,axial,t2_haste_tra_p3_fs,MRI(Liver & GB dynam,ABDOMEN,SIEMENS,Skyra,6,432,512,,with contrast,SE,SK\SP,2D,1000,76,371,921
S06,S06-10,64,MR,MR Image,ORIGINAL\PRIMARY\M\NORM\DIS2D\SH\FIL,True,False,coronal,t1_cor_3D_vibe_fs,MRI(Liver & GB dynam,ABDOMEN,SIEMENS,Skyra,3,384,384,,with contrast,GR,SP\OSP,3D,3.66,1.39,163,395
S06,S06-11,72,MR,MR Image,ORIGINAL\PRIMARY\M\NORM\DIS2D\SH\FIL,True,False,axial,t1_tra_3D_dynamic_20min,MRI(Liver & GB dynam,ABDOMEN,SIEMENS,Skyra,3,324,384,,with contrast,GR,SP\OSP,3D,3.45,1.36,203,469
S06,S06-12,72,MR,MR Image,ORIGINAL\PRIMARY\M\NORM\DIS2D\SH3_1\FIL,True,False,axial,OUT PHASE,MRI(Liver & GB dynam,ABDOMEN,SIEMENS,Skyra,3,270,320,,,GR,SP\OSP,3D,4.44,1.4,294,656
S06,S06-13,72,MR,MR Image,ORIGINAL\PRIMARY\M\NORM\DIS2D\SH3_1\FIL,True,False,axial,IN PHASE,MRI(Liver & GB dynam,ABDOMEN,SIEMENS,Skyra,3,270,320,,,GR,SP\OSP,3D,4.44,2.84,306,655
S06,S06-14,35,MR,MR Image,DERIVED\PRIMARY\DIFFUSION\TRACEW\NORM\DIS2D\DFC,False,False,axial,B0,MRI(Liver & GB dynam,ABDOMEN,SIEMENS,Skyra,6,232,264,,with contrast,EP,SK\SP,2D,6100,53,142,369
S06,S06-15,35,MR,MR Image,DERIVED\PRIMARY\DIFFUSION\TRACEW\NORM\DIS2D\DFC,False,False,axial,B50,MRI(Liver & GB dynam,ABDOMEN,SIEMENS,Skyra,6,232,264,,with contrast,EP,SK\SP,2D,6100,53,117,318
S06,S06-16,35,MR,MR Image,DERIVED\PRIMARY\DIFFUSION\TRACEW\NORM\DIS2D\DFC,False,False,axial,B800,MRI(Liver & GB dynam,ABDOMEN,SIEMENS,Skyra,6,232,264,,with contrast,EP,SK\SP,2D,6100,53,83,248
S07,S07-01,19,MR,MR Image,ORIGINAL\PRIMARY\OTHER,True,False,axial,3-Plane Localizer,MRI(Liver & GB dynam,ABDOMEN,GE MEDICAL SYSTEMS,DISCOVERY MR750w,8,512,512,,,SE,SK,2D,411.728,80.667,2119,4238
S07,S07-02,61,MR,MR Image,ORIGINAL\PRIMARY\OTHER,True,False,axial,Ax LAVA pre,MRI(Liver & GB dynam,ABDOMEN,GE MEDICAL SYSTEMS,DISCOVERY MR750w,6,512,512,,,GR\IR,SS\SK,3D,4.116,1.7,517,1035
S07,S07-03,192,MR,MR Image,ORIGINAL\PRIMARY\OTHER,True,False,coronal,3D MRCP RT Hypersense,MRI(Liver & GB dynam,ABDOMEN,GE MEDICAL SYSTEMS,DISCOVERY MR750w,1.6,512,512,,Yes GD,SE,NONE,3D,3529.41,800,769,1539
S07,S07-04,9,MR,MR Image,ORIGINAL\PRIMARY\OTHER,True,False,sagittal(oblique),2D MRCP BH,MRI(Liver & GB dynam,ABDOMEN,GE MEDICAL SYSTEMS,DISCOVERY MR750w,30,512,512,,Yes GD,SE\IR,SK,2D,3438.23,702.24,8341,16682
S07,S07-05,61,MR,MR Image,ORIGINAL\PRIMARY\OTHER,True,False,axial,Ax LAVA AP,MRI(Liver & GB dynam,ABDOMEN,GE MEDICAL SYSTEMS,DISCOVERY MR750w,6,512,512,,Yes GD,GR\IR,SS\SK,3D,4.116,1.7,879,1759
S07,S07-06,61,MR,MR Image,ORIGINAL\PRIMARY\OTHER,True,False,axial,Ax LAVA PP,MRI(Liver & GB dynam,ABDOMEN,GE MEDICAL SYSTEMS,DISCOVERY MR750w,6,512,512,,Yes GD,GR\IR,SS\SK,3D,4.12,1.7,1525,3050
S07,S07-07,61,MR,MR Image,ORIGINAL\PRIMARY\OTHER,True,False,axial,Ax LAVA 3min,MRI(Liver & GB dynam,ABDOMEN,GE MEDICAL SYSTEMS,DISCOVERY MR750w,6,512,512,,Yes GD,GR\IR,SS\SK,3D,4.116,1.7,859,1718
S07,S07-08,32,MR,MR Image,ORIGINAL\PRIMARY\OTHER,True,False,axial,Ax SSFSE TE140 BH,MRI(Liver & GB dynam,ABDOMEN,GE MEDICAL SYSTEMS,DISCOVERY MR750w,6,512,512,,Yes GD,SE,SK,2D,1074.93,140.976,2817,5634
S07,S07-09,32,MR,MR Image,ORIGINAL\PRIMARY\OTHER,True,False,axial,Ax SSFSE TE80 FS BH,MRI(Liver & GB dynam,ABDOMEN,GE MEDICAL SYSTEMS,DISCOVERY MR750w,6,512,512,,Yes GD,SE\IR,SK,2D,1000,81.23,3962,7924
S07,S07-10,50,MR,MR Image,ORIGINAL\PRIMARY\OTHER,True,False,axial,Ax SSFSE Thin FS BH,MRI(Liver & GB dynam,ABDOMEN,GE MEDICAL SYSTEMS,DISCOVERY MR750w,3,512,512,,Yes GD,SE\IR,SK,2D,533.88,81.856,3265,6530
S07,S07-11,30,MR,MR Image,ORIGINAL\PRIMARY\OTHER,True,False,coronal,Cor SSFSE 3mm FS BH,MRI(Liver & GB dynam,ABDOMEN,GE MEDICAL SYSTEMS,DISCOVERY MR750w,3,512,512,,Yes GD,SE\IR,SK,2D,586.936,81.55,1146,2293
S07,S07-12,30,MR,MR Image,ORIGINAL\PRIMARY\OTHER,True,False,coronal,OCor SSFSE 4mm FS BH,MRI(Liver & GB dynam,ABDOMEN,GE MEDICAL SYSTEMS,DISCOVERY MR750w,4,512,512,,Yes GD,SE\IR,SK,2D,578.132,80.529,399,799
S07,S07-13,54,MR,MR Image,ORIGINAL\PRIMARY\OTHER,True,False,coronal,Cor LAVA,MRI(Liver & GB dynam,ABDOMEN,GE MEDICAL SYSTEMS,DISCOVERY MR750w,6,512,512,,Yes GD,GR\IR,SS\SK,3D,3.399,1.492,487,974
S07,S07-14,62,MR,MR Image,ORIGINAL\PRIMARY\OTHER,True,False,axial,Ax LAVA 20min,MRI(Liver & GB dynam,ABDOMEN,GE MEDICAL SYSTEMS,DISCOVERY MR750w,6,512,512,,Yes GD,GR\IR,SS\SK,3D,4.182,1.72,914,1828
S07,S07-15,60,MR,MR Image,ORIGINAL\PRIMARY\OTHER\NONE,True,False,axial,InPhase: Ax Dual,MRI(Liver & GB dynam,ABDOMEN,GE MEDICAL SYSTEMS,DISCOVERY MR750w,5.83,512,512,,,GR,SS\SK,3D,7.675,2.312,1795,3591
S07,S07-16,60,MR,MR Image,ORIGINAL\PRIMARY\OTHER\NONE,True,False,axial,OutPhase: Ax Dual,MRI(Liver & GB dynam,ABDOMEN,GE MEDICAL SYSTEMS,DISCOVERY MR750w,5.83,512,512,,,GR,SS\SK,3D,7.675,1.124,1753,3506
S07,S07-17,37,MR,MR Image,DERIVED\SECONDARY\PJN\MIP,False,False,coronal,Roll,MRI(Liver & GB dynam,ABDOMEN,GE MEDICAL SYSTEMS,DISCOVERY MR750w,1.600000024,910,782,,Yes GD,SE,NONE,3D,3529.41,800,5156,7620
S07,S07-18,37,MR,MR Image,DERIVED\SECONDARY\PJN\MIP,False,False,coronal,Spin,MRI(Liver & GB dynam,ABDOMEN,GE MEDICAL SYSTEMS,DISCOVERY MR750w,1.600000024,910,782,,Yes GD,SE,NONE,3D,3529.41,800,5156,7620
S07,S07-19,64,MR,MR Image,DERIVED\PRIMARY\OTHER\SUBTRACT,False,False,axial,(23949/7/1)-(23949/2/1),MRI(Liver & GB dynam,ABDOMEN,GE MEDICAL SYSTEMS,DISCOVERY MR750w,6,512,512,,Yes GD,GR\IR,SS\SK,3D,4.116,1.7,439,879
S07,S07-20,32,MR,MR Image,ORIGINAL\PRIMARY\OTHER,True,False,axial,Ax DWI b-0,MRI(Liver & GB dynam,LIVER,GE MEDICAL SYSTEMS,DISCOVERY MR750w,6,256,256,,Yes GD,EP\RM\IR,NONE,2D,3529.41,62.7,4584,9169
S07,S07-21,32,MR,MR Image,ORIGINAL\PRIMARY\OTHER,True,False,axial,Ax DWI b-50,MRI(Liver & GB dynam,LIVER,GE MEDICAL SYSTEMS,DISCOVERY MR750w,6,256,256,,Yes GD,EP\RM\IR,NONE,2D,3529.41,62.7,2659,5319
S07,S07-22,32,MR,MR Image,ORIGINAL\PRIMARY\OTHER,True,False,axial,Ax DWI b-800,MRI(Liver & GB dynam,LIVER,GE MEDICAL SYSTEMS,DISCOVERY MR750w,6,256,256,,Yes GD,EP\RM\IR,NONE,2D,3529.41,62.7,844,1689
S07,S07-23,32,MR,MR Image,DERIVED\PRIMARY\DIFFUSION\ADC,False,False,axial,ADC (10^-6 mm²/s)[No-Q],MRI(Liver & GB dynam,LIVER,GE MEDICAL SYSTEMS,DISCOVERY MR750w,6,256,256,,Yes GD,EP\RM\IR,NONE,2D,3529.41,62.7,2048,4093
S08,S08-01,11,MR,MR Image,ORIGINAL\PRIMARY\M_FFE\M\FFE,True,False,coronal,SURVEY,MRCP(Cholangio Pancr,LIVER,Philips,Ingenia Elition X,15,256,256,,,GR,MP,2D,8,2.301,1070,1860
S08,S08-02,105,MR,MR Image,DERIVED\PRIMARY\IP\IP\DERIVED,False,False,axial,smDIXON IP,MRCP(Cholangio Pancr,LIVER,Philips,Ingenia Elition X,4,576,576,,,RM,SP,3D,4.23839998245239,2.372,2047.5,4095
S08,S08-03,105,MR,MR Image,DERIVED\PRIMARY\OP\OP\DERIVED,False,False,axial,smDIXON OP,MRCP(Cholangio Pancr,LIVER,Philips,Ingenia Elition X,4,576,576,,,RM,SP,3D,4.23839998245239,1.186,2047.5,4095
S08,S08-04,35,MR,MR Image,ORIGINAL\PRIMARY\M_SE\M\SE,True,False,axial,sDWI b0,MRCP(Cholangio Pancr,LIVER,Philips,Ingenia Elition X,5,288,288,,,SE,SK,2D,1839.67736816406,64.733,2047.5,4095
S08,S08-05,35,MR,MR Image,ORIGINAL\PRIMARY\M_SE\M\SE,True,False,axial,sDWI b50,MRCP(Cholangio Pancr,LIVER,Philips,Ingenia Elition X,5,288,288,,,SE,SK,2D,1839.67736816406,64.733,2047.5,4095
S08,S08-06,35,MR,MR Image,ORIGINAL\PRIMARY\M_SE\M\SE,True,False,axial,sDWI b800,MRCP(Cholangio Pancr,LIVER,Philips,Ingenia Elition X,5,288,288,,,SE,SK,2D,1839.67736816406,64.733,2047.5,4095
S08,S08-07,35,MR,MR Image,ORIGINAL\PRIMARY\ADC_UNSPECIFIED\ADC\UNSPECIFIED,True,False,axial,dADC,MRCP(Cholangio Pancr,LIVER,Philips,Ingenia Elition X,5,288,288,,,RM,SK,2D,1839.67736816406,64.733,910,2260
S08,S08-08,35,MR,MR Image,ORIGINAL\PRIMARY\M_SE\M\SE,True,False,axial,T2 FS MVXD AX SPIR,MRCP(Cholangio Pancr,LIVER,Philips,Ingenia Elition X,6,400,400,,,SE,SK,2D,2500.00024414062,67.622,533,926
S08,S08-09,35,MR,MR Image,ORIGINAL\PRIMARY\M_SE\M\SE,True,False,axial,HT2 SSH AX BH,MRCP(Cholangio Pancr,LIVER,Philips,Ingenia Elition X,6,480,480,,,SE,SK,2D,469.049987792968,140,925,1608
S08,S08-10,100,MR,MR Image,ORIGINAL\PRIMARY\M_SE\M\SE,True,False,coronal,3D MRCP BH GRASE,MRCP(Cholangio Pancr,LIVER,Philips,Ingenia Elition X,2,512,512,,,SE,SK,3D,296.569885253906,100.549,602,1046
S08,S08-11,36,MR,MR Image,ORIGINAL\PRIMARY\PROJECTION IMAGE\M\SE,True,False,coronal,3D MRCP SPIN,MRCP(Cholangio Pancr,LIVER,Philips,Ingenia Elition X,436.12,512,512,,,SE,SK,3D,296.569885253906,100.549,2778.23,4964.69
S08,S08-12,10,MR,MR Image,ORIGINAL\PRIMARY\M_SE\M\SE,True,False,sagittal(oblique),2D MRCP,MRCP(Cholangio Pancr,LIVER,Philips,Ingenia Elition X,50,512,512,,,SE,SK,2D,6202.86376953125,920,1070,1860
S08,S08-13,50,MR,MR Image,ORIGINAL\PRIMARY\M_SE\M\SE,True,False,axial,T2 SSH SPIR AX 3mm,MRCP(Cholangio Pancr,LIVER,Philips,Ingenia Elition X,3,432,432,,,SE,SK,2D,17503.796875,80,945,1643
S08,S08-14,30,MR,MR Image,ORIGINAL\PRIMARY\M_SE\M\SE,True,False,coronal,eCOR SSH TE80 BH FS 4mm,MRCP(Cholangio Pancr,LIVER,Philips,Ingenia Elition X,4,432,432,,,SE,SK,2D,1100,70,897,1559
S08,S08-15,40,MR,MR Image,ORIGINAL\PRIMARY\M_SE\M\SE,True,False,coronal,eCOR SSH TE80 BH FS 3mm,MRCP(Cholangio Pancr,LIVER,Philips,Ingenia Elition X,3,384,384,,,SE,SK,2D,1100,70,600,1043
S08,S08-16,105,MR,MR Image,DERIVED\PRIMARY\W\W\DERIVED,False,False,axial,AX mDIXON,MRCP(Cholangio Pancr,LIVER,Philips,Ingenia Elition X,4,432,432,,,RM,SP,3D,4.52120018005371,0,2105,4211
S09,S09-01,169,CT,CT Image,ORIGINAL\PRIMARY\AXIAL\CT_SOM5 SPI,True,False,axial,Chest_Abd_Pre 3.00 Br40 A2  ax,ABD,ABDOMEN,Siemens Healthineers,SOMATOM X.cite,3,512,512,Br40d\2,,,,,,,40,390
S09,S09-02,61,CT,CT Image,ORIGINAL\PRIMARY\AXIAL\CT_SOM5 SPI,True,False,axial,Artery 3.00 Br40 A2  ax,ABD,ABDOMEN,Siemens Healthineers,SOMATOM X.cite,3,512,512,Br40d\2,UNDEFINED,,,,,,40,390
S09,S09-03,172,CT,CT Image,ORIGINAL\PRIMARY\AXIAL\CT_SOM5 SPI,True,False,axial,Portal 3.00 Br40 A1  ax,ABD,ABDOMEN,Siemens Healthineers,SOMATOM X.cite,3,512,512,Br40d\1,UNDEFINED,,,,,,30,360
S09,S09-04,122,CT,CT Image,ORIGINAL\PRIMARY\AXIAL\CT_SOM5 MPR,True,False,sagittal,Portal 3.00 Br40 A1 sag,ABD,ABDOMEN,Siemens Healthineers,SOMATOM X.cite,3,722,512,Br40d\1,UNDEFINED,,,,,,30,360
S09,S09-05,85,CT,CT Image,ORIGINAL\PRIMARY\AXIAL\CT_SOM5 MPR,True,False,coronal,Portal 3.00 Br40 A1 cor,ABD,ABDOMEN,Siemens Healthineers,SOMATOM X.cite,3,722,512,Br40d\1,UNDEFINED,,,,,,30,360
S09,S09-06,1,CT,Secondary Capture,ORIGINAL\PRIMARY\OTHER\CT_SOM PROT,True,False,unknown,Patient Protocol,ABD,,Siemens Healthineers,SOMATOM X.cite,,512,512,,,,,,,,200,50
S09,S09-07,1,CT,CT Image,DERIVED\SECONDARY\LOCALIZER\CT_SOM5 TOP,False,True,coronal,Exported CT View&GO,ABD,,Siemens Healthineers,SOMATOM X.cite,0,512,512,,,,,,,,50,350
S10,S10-01,129,CT,CT Image,ORIGINAL\PRIMARY\AXIAL\CT_SOM5 MPR,True,False,axial,Chest_Abd_Pre 3.00 Br40 A2 ax Lung,CHEST,CHEST,Siemens Healthineers,SOMATOM X.cite,3,512,592,Br40d\2,,,,,,,40,435
S10,S10-02,130,CT,CT Image,ORIGINAL\PRIMARY\AXIAL\CT_SOM5 MPR,True,False,axial,Chest Portion 3.00 Br40 ax,CHEST,CHEST,Siemens Healthineers,SOMATOM X.cite,3,512,592,Br40f,UNDEFINED,,,,,,25,400
S10,S10-03,79,CT,CT Image,ORIGINAL\PRIMARY\AXIAL\CT_SOM5 MPR,True,False,axial,Chest Portion 3.00 Br60 A1 ax Lung,CHEST,CHEST,Siemens Healthineers,SOMATOM X.cite,3,512,652,Br60f\1,UNDEFINED,,,,,,-700,1700
S10,S10-04,73,CT,CT Image,ORIGINAL\PRIMARY\AXIAL\CT_SOM5 MPR,True,False,coronal,Chest Portion 3.00 Br40 cor Lung,CHEST,CHEST,Siemens Healthineers,SOMATOM X.cite,3,514,512,Br40f,UNDEFINED,,,,,,25,400
S10,S10-05,1,CT,Secondary Capture,ORIGINAL\PRIMARY\OTHER\CT_SOM PROT,True,False,unknown,Patient Protocol,CHEST,,Siemens Healthineers,SOMATOM X.cite,,512,512,,,,,,,,200,50
S10,S10-06,1,CT,CT Image,DERIVED\SECONDARY\LOCALIZER\CT_SOM5 TOP,False,True,coronal,Exported CT View&GO,CHEST,,Siemens Healthineers,SOMATOM X.cite,0,512,512,,,,,,,,50,350
S11,S11-01,144,CT,CT Image,ORIGINAL\PRIMARY\AXIAL\CT_SOM5 SPI,True,False,axial,Pre 3.00 Br40 A2  ax,06_Hemorrhage_CT(Adult),ABDOMEN,Siemens Healthineers,SOMATOM X.cite,3,512,512,Br40d\2,,,,,,,50,410
S11,S11-02,144,CT,CT Image,ORIGINAL\PRIMARY\AXIAL\CT_SOM5 SPI,True,False,axial,Artery 3.00 Br40 A2  ax,06_Hemorrhage_CT(Adult),ABDOMEN,Siemens Healthineers,SOMATOM X.cite,3,512,512,Br40d\2,UNDEFINED,,,,,,40,390
S11,S11-03,144,CT,CT Image,ORIGINAL\PRIMARY\AXIAL\CT_SOM5 SPI,True,False,axial,Portal 3.00 Br40 A1  ax,06_Hemorrhage_CT(Adult),ABDOMEN,Siemens Healthineers,SOMATOM X.cite,3,512,512,Br40d\1,UNDEFINED,,,,,,30,360
S11,S11-04,92,CT,CT Image,ORIGINAL\PRIMARY\AXIAL\CT_SOM5 MPR,True,False,sagittal,Portal 3.00 Br40 A1 sag,06_Hemorrhage_CT(Adult),ABDOMEN,Siemens Healthineers,SOMATOM X.cite,3,880,512,Br40d\1,UNDEFINED,,,,,,30,360
S11,S11-05,68,CT,CT Image,ORIGINAL\PRIMARY\AXIAL\CT_SOM5 MPR,True,False,coronal,Portal 3.00 Br40 A1 cor,06_Hemorrhage_CT(Adult),ABDOMEN,Siemens Healthineers,SOMATOM X.cite,3,743,512,Br40d\1,UNDEFINED,,,,,,30,360
S11,S11-06,1,CT,Secondary Capture,ORIGINAL\PRIMARY\OTHER\CT_SOM PROT,True,False,unknown,Patient Protocol,06_Hemorrhage_CT(Adult),,Siemens Healthineers,SOMATOM X.cite,,512,512,,,,,,,,200,50
S11,S11-07,1,CT,CT Image,DERIVED\SECONDARY\LOCALIZER\CT_SOM5 TOP,False,True,coronal,Exported CT View&GO,06_Hemorrhage_CT(Adult),,Siemens Healthineers,SOMATOM X.cite,0,512,512,,,,,,,,50,350
S12,S12-01,134,CT,CT Image,ORIGINAL\PRIMARY\AXIAL\CT_SOM5 MPR,True,False,axial,Pre 3.00 Br40 A2 ax,06_Abdomen_Delay_CT(Adult),ABDOMEN,Siemens Healthineers,SOMATOM X.cite,3,512,621,Br40d\2,,,,,,,50,410
S12,S12-02,132,CT,CT Image,ORIGINAL\PRIMARY\AXIAL\CT_SOM5 MPR,True,False,axial,Post 3.00 Br40 A2 ax,06_Abdomen_Delay_CT(Adult),ABDOMEN,Siemens Healthineers,SOMATOM X.cite,3,512,621,Br40d\2,UNDEFINED,,,,,,30,360
S12,S12-03,68,CT,CT Image,ORIGINAL\PRIMARY\AXIAL\CT_SOM5 MPR,True,False,coronal,Post 3.00 Br40 A2 cor,06_Abdomen_Delay_CT(Adult),ABDOMEN,Siemens Healthineers,SOMATOM X.cite,3,667,512,Br40d\2,UNDEFINED,,,,,,30,360
S12,S12-04,94,CT,CT Image,ORIGINAL\PRIMARY\AXIAL\CT_SOM5 MPR,True,False,sagittal,Post 3.00 Br40 A2 sag,06_Abdomen_Delay_CT(Adult),ABDOMEN,Siemens Healthineers,SOMATOM X.cite,3,809,512,Br40d\2,UNDEFINED,,,,,,30,360
S12,S12-05,130,CT,CT Image,ORIGINAL\PRIMARY\AXIAL\CT_SOM5 MPR,True,False,axial,Delay 3.00 Br40 A2 ax,06_Abdomen_Delay_CT(Adult),ABDOMEN,Siemens Healthineers,SOMATOM X.cite,3,512,621,Br40d\2,UNDEFINED,,,,,,40,390
S12,S12-06,1,CT,Secondary Capture,ORIGINAL\PRIMARY\OTHER\CT_SOM PROT,True,False,unknown,Patient Protocol,06_Abdomen_Delay_CT(Adult),,Siemens Healthineers,SOMATOM X.cite,,512,512,,,,,,,,200,50
S12,S12-07,2,CT,CT Image,DERIVED\SECONDARY\LOCALIZER\CT_SOM5 TOP,False,True,coronal,Exported CT View&GO,06_Abdomen_Delay_CT(Adult),,Siemens Healthineers,SOMATOM X.cite,0,512,512,,,,,,,,50,350
